[
  {
    "id": "1",
    "collection": "features",
    "title": "Tenant-First Context",
    "body": "The app resolves identity before rendering. 'Who am I?' is answered instantly via API."
  },
  {
    "id": "2",
    "collection": "features",
    "title": "Theme Engine",
    "body": "Styles (Bootstrap/CSS) are injected on-the-fly. One codebase, infinite looks."
  },
  {
    "id": "3",
    "collection": "features",
    "title": "Dynamic Blocks",
    "body": "Pages are composed of JSON blocks (Hero, Grid, Text) mapped to React components."
  }
]